{
    "score": 3.884436027385182,
    "Training time": 5.870003951713443e-05,
    "X": -4.990106760585554,
    "Y": -2.9351961793859056
}