{
    "score": 5.9888329064460155,
    "Training time": 0.00010559998918324709,
    "X": -4.627971600703549,
    "Y": -2.7595029630943455
}