{
    "score": 2.8509310852343175,
    "Training time": 5.110003985464573e-05,
    "X": -5.0,
    "Y": -3.0637892345590765
}