{
    "score": 3.884436027385182,
    "Training time": 5.0399976316839457e-05,
    "X": -4.990106760585554,
    "Y": -2.9351961793859056
}