{
    "score": 4.067085585632707,
    "Training time": 9.660003706812859e-05,
    "X": -5.0,
    "Y": -2.881347549259079
}