{
    "score": 5.780057412507357,
    "Training time": 7.180002285167575e-05,
    "X": -4.750956457386804,
    "Y": -2.808474593145722
}