{
    "score": 5.8808899358858815,
    "Training time": 6.079999729990959e-05,
    "X": -4.562545711418402,
    "Y": -2.7309208839038943
}