{
    "score": 5.389380598245435,
    "Training time": 5.870003951713443e-05,
    "X": -4.836556610799714,
    "Y": -2.820403051946193
}