{
    "score": 5.863875179992148,
    "Training time": 6.379996193572879e-05,
    "X": -4.556076234560317,
    "Y": -2.729644053250199
}