{
    "score": 5.780057412507357,
    "Training time": 4.800001624971628e-05,
    "X": -4.750956457386804,
    "Y": -2.808474593145722
}