{
    "score": 4.067085585632707,
    "Training time": 7.090001599863172e-05,
    "X": -5.0,
    "Y": -2.881347549259079
}