{
    "score": -0.592238865561088,
    "Training time": 5.540001438930631e-05,
    "X": 4.648792739714308,
    "Y": 4.762846675499118
}