{
    "score": -1.4601875628186314,
    "Training time": 5.360000068321824e-05,
    "X": 4.903919280648333,
    "Y": 4.857467369332891
}