{
    "score": -1.9168759858892828,
    "Training time": 6.210000719875097e-05,
    "X": 4.9464749302187325,
    "Y": 4.974128278584386
}