{
    "score": -0.8632977291211972,
    "Training time": 7.959999493323267e-05,
    "X": 4.7726690848920335,
    "Y": 4.768624776087615
}