{
    "score": -2.138180522323598,
    "Training time": 5.2099989261478186e-05,
    "X": 5.0,
    "Y": 5.0
}