{
    "score": -1.4601875628186314,
    "Training time": 5.5899989092722535e-05,
    "X": 4.903919280648333,
    "Y": 4.857467369332891
}