{
    "score": 5.988280907485015,
    "Training time": 5.629999213851988e-05,
    "X": -4.649085508639103,
    "Y": -2.7529873985916344
}