{
    "score": -1.9168759858892828,
    "Training time": 5.8600009651854634e-05,
    "X": 4.9464749302187325,
    "Y": 4.974128278584386
}