{
    "score": -1.9930960855711846,
    "Training time": 8.669999078847468e-05,
    "X": 5.0,
    "Y": 4.948144938202205
}