{
    "score": -1.2599062810137938,
    "Training time": 5.529998452402651e-05,
    "X": 4.818081370497076,
    "Y": 4.872139290454658
}