{
    "score": -2.138180522323598,
    "Training time": 5.3099996875971556e-05,
    "X": 5.0,
    "Y": 5.0
}