{
    "score": -0.8632977291211972,
    "Training time": 6.649998249486089e-05,
    "X": 4.7726690848920335,
    "Y": 4.768624776087615
}