{
    "Mean Absolute Error (MAE)": 206505.7739367048,
    "Mean Squared Error (MSE)": 54906298659.52488,
    "Root Mean Squared Error (RMSE)": 234320.93090358973,
    "Adjusted R^2 Score": -3.477879550408699,
    "Training time": 15.281376900000396,
    "Training loss": [
        [
            1083621.25,
            579964.0,
            193415.703125,
            -274349.78125,
            -524886.0,
            -721204.1875,
            -993483.4375,
            -1121243.0,
            -1155193.125,
            -1203360.25,
            -1253154.875,
            -1304942.375,
            -1381507.5,
            -1448791.0,
            -1513410.75,
            -1546633.5,
            -1588572.875,
            -1640671.75,
            -1702925.25,
            -1795168.375,
            -1883095.5,
            -1984653.0,
            -2026506.5,
            -2082499.5,
            -2144684.5,
            -2283588.5,
            -2413344.75,
            -2512954.25,
            -2629568.0,
            -2839202.25,
            -2942288.25,
            -3009179.0,
            -3051697.25,
            -3083988.75,
            -3116248.5,
            -3142238.75,
            -3142492.75,
            -3142718.25,
            -3144821.5,
            -3145110.5,
            -3146054.5,
            -3148775.5,
            -3151862.25,
            -3151862.5,
            -3151863.0,
            -3151862.25,
            -3151862.5,
            -3151863.0,
            -3151862.5,
            -3151862.5,
            -3151863.0,
            -3151862.5,
            -3151862.5,
            -3151863.0,
            -3151862.0,
            -3151862.25,
            -3151862.5,
            -3151862.25,
            -3151862.5,
            -3151862.25,
            -3151862.25,
            -3151862.5,
            -3151862.25,
            -3151862.5,
            -3151862.5,
            -3151862.25,
            -3151863.0,
            -3151862.5,
            -3151862.0,
            -3151862.25,
            -3151862.5,
            -3151862.5,
            -3151862.0,
            -3151863.0,
            -3151862.0,
            -3151863.0,
            -3151862.25,
            -3151862.25,
            -3151862.25,
            -3151862.5,
            -3151862.5,
            -3151862.0,
            -3151862.5,
            -3151863.25,
            -3151862.5,
            -3151862.25,
            -3151862.25,
            -3151862.5,
            -3151862.5,
            -3151862.25,
            -3151862.25,
            -3151862.5,
            -3151862.25,
            -3151862.25,
            -3151862.25,
            -3151862.25,
            -3151862.25,
            -3151862.5,
            -3151862.0,
            -3151862.25
        ]
    ],
    "initial_neurons": 14,
    "layers": 0,
    "neurons": 59
}